gmp(rug),gcd,262144,13573922
dashu-0.6,gcd,262144,26999292
sagebrush,gcd,262144,27026152
gmp(rug),gcd,524288,34910874
dashu-0.6,gcd,524288,102446650
sagebrush,gcd,524288,102342290
gmp(rug),gcd,1048576,86437214
dashu-0.6,gcd,1048576,401352911
sagebrush,gcd,1048576,334738171
gmp(rug),gcd,2097152,209881320
dashu-0.6,gcd,2097152,1585592880
sagebrush,gcd,2097152,924061976
gmp(rug),gcd,4194304,513335766
dashu-0.6,gcd,4194304,6312801914
sagebrush,gcd,4194304,2366644636
gmp(rug),gcd,8388608,1222650622
dashu-0.6,gcd,8388608,25223962739
sagebrush,gcd,8388608,5866394139
