lib,op,bits,ns
num-bigint-0.5,mul,64,161
num-bigint-0.5,sqr,64,78
num-bigint-0.5,divrem,64,205
num-bigint-0.5,gcd,64,2403
num-bigint-0.5,powmod,64,8041
num-bigint-0.5,to_dec,64,379
num-bigint-0.5,from_dec,64,248
num-bigint-0.4,mul,64,117
num-bigint-0.4,sqr,64,61
num-bigint-0.4,divrem,64,195
num-bigint-0.4,gcd,64,1834
num-bigint-0.4,powmod,64,8365
num-bigint-0.4,to_dec,64,368
num-bigint-0.4,from_dec,64,117
dashu-0.6,mul,64,58
dashu-0.6,sqr,64,27
dashu-0.6,divrem,64,110
dashu-0.6,gcd,64,176
dashu-0.6,powmod,64,2742
dashu-0.6,to_dec,64,294
dashu-0.6,from_dec,64,164
malachite-0.12,mul,64,55
malachite-0.12,sqr,64,24
malachite-0.12,divrem,64,192
malachite-0.12,gcd,64,129
malachite-0.12,powmod,64,2285
malachite-0.12,to_dec,64,137
malachite-0.12,from_dec,64,182
num-bigint-0.5,mul,128,63
num-bigint-0.5,sqr,128,66
num-bigint-0.5,divrem,128,126
num-bigint-0.5,gcd,128,2853
num-bigint-0.5,powmod,128,18248
num-bigint-0.5,to_dec,128,385
num-bigint-0.5,from_dec,128,168
num-bigint-0.4,mul,128,63
num-bigint-0.4,sqr,128,68
num-bigint-0.4,divrem,128,128
num-bigint-0.4,gcd,128,2839
num-bigint-0.4,powmod,128,18505
num-bigint-0.4,to_dec,128,384
num-bigint-0.4,from_dec,128,170
dashu-0.6,mul,128,142
dashu-0.6,sqr,128,162
dashu-0.6,divrem,128,396
dashu-0.6,gcd,128,434
dashu-0.6,powmod,128,20759
dashu-0.6,to_dec,128,693
dashu-0.6,from_dec,128,95
malachite-0.12,mul,128,146
malachite-0.12,sqr,128,128
malachite-0.12,divrem,128,331
malachite-0.12,gcd,128,567
malachite-0.12,powmod,128,18355
malachite-0.12,to_dec,128,337
malachite-0.12,from_dec,128,152
num-bigint-0.5,mul,256,109
num-bigint-0.5,sqr,256,112
num-bigint-0.5,divrem,256,219
num-bigint-0.5,gcd,256,5878
num-bigint-0.5,powmod,256,79838
num-bigint-0.5,to_dec,256,938
num-bigint-0.5,from_dec,256,380
num-bigint-0.4,mul,256,108
num-bigint-0.4,sqr,256,114
num-bigint-0.4,divrem,256,227
num-bigint-0.4,gcd,256,5957
num-bigint-0.4,powmod,256,78393
num-bigint-0.4,to_dec,256,931
num-bigint-0.4,from_dec,256,314
dashu-0.6,mul,256,108
dashu-0.6,sqr,256,106
dashu-0.6,divrem,256,285
dashu-0.6,gcd,256,931
dashu-0.6,powmod,256,76512
dashu-0.6,to_dec,256,808
dashu-0.6,from_dec,256,145
malachite-0.12,mul,256,187
malachite-0.12,sqr,256,138
malachite-0.12,divrem,256,386
malachite-0.12,gcd,256,1673
malachite-0.12,powmod,256,64205
malachite-0.12,to_dec,256,507
malachite-0.12,from_dec,256,283
num-bigint-0.5,mul,512,287
num-bigint-0.5,sqr,512,296
num-bigint-0.5,divrem,512,523
num-bigint-0.5,gcd,512,15040
num-bigint-0.5,powmod,512,494269
num-bigint-0.5,to_dec,512,2928
num-bigint-0.5,from_dec,512,626
num-bigint-0.4,mul,512,284
num-bigint-0.4,sqr,512,292
num-bigint-0.4,divrem,512,524
num-bigint-0.4,gcd,512,15138
num-bigint-0.4,powmod,512,495164
num-bigint-0.4,to_dec,512,2942
num-bigint-0.4,from_dec,512,640
dashu-0.6,mul,512,251
dashu-0.6,sqr,512,214
dashu-0.6,divrem,512,614
dashu-0.6,gcd,512,2173
dashu-0.6,powmod,512,417034
dashu-0.6,to_dec,512,3375
dashu-0.6,from_dec,512,297
malachite-0.12,mul,512,522
malachite-0.12,sqr,512,337
malachite-0.12,divrem,512,501
malachite-0.12,gcd,512,3433
malachite-0.12,powmod,512,390599
malachite-0.12,to_dec,512,885
malachite-0.12,from_dec,512,642
num-bigint-0.5,mul,1024,969
num-bigint-0.5,sqr,1024,993
num-bigint-0.5,divrem,1024,1646
num-bigint-0.5,gcd,1024,42564
num-bigint-0.5,powmod,1024,3907056
num-bigint-0.5,to_dec,1024,6791
num-bigint-0.5,from_dec,1024,1346
num-bigint-0.4,mul,1024,962
num-bigint-0.4,sqr,1024,971
num-bigint-0.4,divrem,1024,1662
num-bigint-0.4,gcd,1024,42753
num-bigint-0.4,powmod,1024,3907556
num-bigint-0.4,to_dec,1024,6694
num-bigint-0.4,from_dec,1024,1368
dashu-0.6,mul,1024,1298
dashu-0.6,sqr,1024,866
dashu-0.6,divrem,1024,1797
dashu-0.6,gcd,1024,5493
dashu-0.6,powmod,1024,2981952
dashu-0.6,to_dec,1024,4647
dashu-0.6,from_dec,1024,731
malachite-0.12,mul,1024,1724
malachite-0.12,sqr,1024,1095
malachite-0.12,divrem,1024,1284
malachite-0.12,gcd,1024,8739
malachite-0.12,powmod,1024,2682110
malachite-0.12,to_dec,1024,1942
malachite-0.12,from_dec,1024,1716
num-bigint-0.5,mul,2048,3958
num-bigint-0.5,sqr,2048,3625
num-bigint-0.5,divrem,2048,6186
num-bigint-0.5,gcd,2048,134131
num-bigint-0.5,powmod,2048,33085878
num-bigint-0.5,to_dec,2048,13762
num-bigint-0.5,from_dec,2048,3524
num-bigint-0.4,mul,2048,3768
num-bigint-0.4,sqr,2048,3613
num-bigint-0.4,divrem,2048,6164
num-bigint-0.4,gcd,2048,134716
num-bigint-0.4,powmod,2048,33015312
num-bigint-0.4,to_dec,2048,13654
num-bigint-0.4,from_dec,2048,3526
dashu-0.6,mul,2048,3366
dashu-0.6,sqr,2048,3037
dashu-0.6,divrem,2048,6236
dashu-0.6,gcd,2048,15967
dashu-0.6,powmod,2048,21559237
dashu-0.6,to_dec,2048,10675
dashu-0.6,from_dec,2048,2152
malachite-0.12,mul,2048,4943
malachite-0.12,sqr,2048,4049
malachite-0.12,divrem,2048,4217
malachite-0.12,gcd,2048,24909
malachite-0.12,powmod,2048,20112165
malachite-0.12,to_dec,2048,5369
malachite-0.12,from_dec,2048,5211
num-bigint-0.5,mul,4096,12258
num-bigint-0.5,sqr,4096,12335
num-bigint-0.5,divrem,4096,22543
num-bigint-0.5,gcd,4096,472269
num-bigint-0.5,powmod,4096,260534890
num-bigint-0.5,to_dec,4096,35217
num-bigint-0.5,from_dec,4096,11871
num-bigint-0.4,mul,4096,12225
num-bigint-0.4,sqr,4096,12257
num-bigint-0.4,divrem,4096,22558
num-bigint-0.4,gcd,4096,472413
num-bigint-0.4,powmod,4096,260690300
num-bigint-0.4,to_dec,4096,36144
num-bigint-0.4,from_dec,4096,12025
dashu-0.6,mul,4096,12426
dashu-0.6,sqr,4096,8479
dashu-0.6,divrem,4096,19026
dashu-0.6,gcd,4096,51376
dashu-0.6,powmod,4096,130435939
dashu-0.6,to_dec,4096,28250
dashu-0.6,from_dec,4096,7402
malachite-0.12,mul,4096,14989
malachite-0.12,sqr,4096,12382
malachite-0.12,divrem,4096,17877
malachite-0.12,gcd,4096,79850
malachite-0.12,powmod,4096,135624539
malachite-0.12,to_dec,4096,19480
malachite-0.12,from_dec,4096,17494
num-bigint-0.5,mul,8192,38645
num-bigint-0.5,sqr,8192,39841
num-bigint-0.5,divrem,8192,71790
num-bigint-0.5,gcd,8192,1782245
num-bigint-0.5,powmod,8192,2160568869
num-bigint-0.5,to_dec,8192,90978
num-bigint-0.5,from_dec,8192,45415
num-bigint-0.4,mul,8192,38746
num-bigint-0.4,sqr,8192,39518
num-bigint-0.4,divrem,8192,70896
num-bigint-0.4,gcd,8192,1781352
num-bigint-0.4,powmod,8192,2160555679
num-bigint-0.4,to_dec,8192,91004
num-bigint-0.4,from_dec,8192,40043
dashu-0.6,mul,8192,33534
dashu-0.6,sqr,8192,26543
dashu-0.6,divrem,8192,61037
dashu-0.6,gcd,8192,182334
dashu-0.6,powmod,8192,823541965
dashu-0.6,to_dec,8192,81615
dashu-0.6,from_dec,8192,41967
malachite-0.12,mul,8192,42336
malachite-0.12,sqr,8192,31284
malachite-0.12,divrem,8192,66424
malachite-0.12,gcd,8192,284617
malachite-0.12,powmod,8192,896195636
malachite-0.12,to_dec,8192,40857
malachite-0.12,from_dec,8192,63086
num-bigint-0.5,mul,16384,125315
num-bigint-0.5,sqr,16384,126218
num-bigint-0.5,divrem,16384,228535
num-bigint-0.5,gcd,16384,7465381
num-bigint-0.5,to_dec,16384,254815
num-bigint-0.5,from_dec,16384,141656
num-bigint-0.4,mul,16384,125517
num-bigint-0.4,sqr,16384,125935
num-bigint-0.4,divrem,16384,228077
num-bigint-0.4,gcd,16384,6940708
num-bigint-0.4,to_dec,16384,252770
num-bigint-0.4,from_dec,16384,151490
dashu-0.6,mul,16384,106646
dashu-0.6,sqr,16384,72085
dashu-0.6,divrem,16384,193496
dashu-0.6,gcd,16384,446650
dashu-0.6,to_dec,16384,237743
dashu-0.6,from_dec,16384,135910
malachite-0.12,mul,16384,123166
malachite-0.12,sqr,16384,92584
malachite-0.12,divrem,16384,218771
malachite-0.12,gcd,16384,1065186
malachite-0.12,to_dec,16384,169942
malachite-0.12,from_dec,16384,237982
num-bigint-0.5,mul,32768,342578
num-bigint-0.5,sqr,32768,340677
num-bigint-0.5,divrem,32768,714051
num-bigint-0.5,gcd,32768,26855500
num-bigint-0.5,to_dec,32768,729964
num-bigint-0.5,from_dec,32768,568006
num-bigint-0.4,mul,32768,341387
num-bigint-0.4,sqr,32768,341214
num-bigint-0.4,divrem,32768,716216
num-bigint-0.4,gcd,32768,26768062
num-bigint-0.4,to_dec,32768,729283
num-bigint-0.4,from_dec,32768,584466
dashu-0.6,mul,32768,303709
dashu-0.6,sqr,32768,240415
dashu-0.6,divrem,32768,603503
dashu-0.6,gcd,32768,1319125
dashu-0.6,to_dec,32768,713943
dashu-0.6,from_dec,32768,426281
malachite-0.12,mul,32768,287631
malachite-0.12,sqr,32768,1579156
malachite-0.12,divrem,32768,681086
malachite-0.12,gcd,32768,3669832
malachite-0.12,to_dec,32768,569257
malachite-0.12,from_dec,32768,613830
num-bigint-0.5,mul,65536,990306
num-bigint-0.5,sqr,65536,997488
num-bigint-0.5,divrem,65536,2157412
num-bigint-0.5,gcd,65536,104852528
num-bigint-0.5,to_dec,65536,2186224
num-bigint-0.5,from_dec,65536,2096495
num-bigint-0.4,mul,65536,989677
num-bigint-0.4,sqr,65536,995991
num-bigint-0.4,divrem,65536,2144035
num-bigint-0.4,gcd,65536,104586613
num-bigint-0.4,to_dec,65536,2172813
num-bigint-0.4,from_dec,65536,2061007
dashu-0.6,mul,65536,838213
dashu-0.6,sqr,65536,684475
dashu-0.6,divrem,65536,1833834
dashu-0.6,gcd,65536,4661657
dashu-0.6,to_dec,65536,2183975
dashu-0.6,from_dec,65536,1326641
malachite-0.12,mul,65536,4762996
malachite-0.12,sqr,65536,3275665
malachite-0.12,divrem,65536,6022832
malachite-0.12,gcd,65536,10225908
malachite-0.12,to_dec,65536,1780174
malachite-0.12,from_dec,65536,1517942
num-bigint-0.5,mul,131072,3059471
num-bigint-0.5,sqr,131072,3050039
num-bigint-0.5,divrem,131072,6350171
num-bigint-0.5,gcd,131072,416489032
num-bigint-0.5,to_dec,131072,6595661
num-bigint-0.5,from_dec,131072,7325926
num-bigint-0.4,mul,131072,3060369
num-bigint-0.4,sqr,131072,3053658
num-bigint-0.4,divrem,131072,6379410
num-bigint-0.4,gcd,131072,416968382
num-bigint-0.4,to_dec,131072,6585663
num-bigint-0.4,from_dec,131072,7522207
dashu-0.6,mul,131072,2529019
dashu-0.6,sqr,131072,1785355
dashu-0.6,divrem,131072,5342344
dashu-0.6,gcd,131072,17979531
dashu-0.6,to_dec,131072,6611593
dashu-0.6,from_dec,131072,3953958
malachite-0.12,mul,131072,10249263
malachite-0.12,sqr,131072,7075856
malachite-0.12,divrem,131072,23546538
malachite-0.12,gcd,131072,68454657
malachite-0.12,to_dec,131072,5230634
malachite-0.12,from_dec,131072,7108372
num-bigint-0.5,mul,262144,8156332
num-bigint-0.5,sqr,262144,8053845
num-bigint-0.5,divrem,262144,19092486
num-bigint-0.5,gcd,262144,1670348016
num-bigint-0.5,to_dec,262144,19412882
num-bigint-0.5,from_dec,262144,29174763
num-bigint-0.4,mul,262144,8168155
num-bigint-0.4,sqr,262144,8059727
num-bigint-0.4,divrem,262144,19021286
num-bigint-0.4,gcd,262144,1668522397
num-bigint-0.4,to_dec,262144,19433660
num-bigint-0.4,from_dec,262144,28624537
dashu-0.6,mul,262144,5357192
dashu-0.6,sqr,262144,3789810
dashu-0.6,divrem,262144,15739847
dashu-0.6,gcd,262144,70415627
dashu-0.6,to_dec,262144,19497170
dashu-0.6,from_dec,262144,11487243
malachite-0.12,mul,262144,21797073
malachite-0.12,sqr,262144,15029991
malachite-0.12,divrem,262144,65247980
malachite-0.12,gcd,262144,202608096
malachite-0.12,to_dec,262144,26014172
malachite-0.12,from_dec,262144,24493108
num-bigint-0.5,mul,524288,22696861
num-bigint-0.5,sqr,524288,22607692
num-bigint-0.5,divrem,524288,54523968
num-bigint-0.5,gcd,524288,6644912910
num-bigint-0.5,to_dec,524288,57183471
num-bigint-0.5,from_dec,524288,113828972
num-bigint-0.4,mul,524288,22632402
num-bigint-0.4,sqr,524288,22794896
num-bigint-0.4,divrem,524288,54330294
num-bigint-0.4,gcd,524288,6639559000
num-bigint-0.4,to_dec,524288,57168619
num-bigint-0.4,from_dec,524288,117409316
dashu-0.6,mul,524288,11467125
dashu-0.6,sqr,524288,8087866
dashu-0.6,divrem,524288,42500577
dashu-0.6,gcd,524288,281124397
dashu-0.6,to_dec,524288,56328451
dashu-0.6,from_dec,524288,31010025
malachite-0.12,mul,524288,48472031
malachite-0.12,sqr,524288,33255582
malachite-0.12,divrem,524288,166161501
malachite-0.12,gcd,524288,607449079
malachite-0.12,to_dec,524288,99408445
malachite-0.12,from_dec,524288,68616704
num-bigint-0.5,mul,1048576,68794542
num-bigint-0.5,sqr,1048576,68914547
num-bigint-0.5,divrem,1048576,154858642
num-bigint-0.5,to_dec,1048576,167077471
num-bigint-0.5,from_dec,1048576,455209387
num-bigint-0.4,mul,1048576,68237517
num-bigint-0.4,sqr,1048576,68390745
num-bigint-0.4,divrem,1048576,154522123
num-bigint-0.4,to_dec,1048576,165583071
num-bigint-0.4,from_dec,1048576,452120557
dashu-0.6,mul,1048576,24618091
dashu-0.6,sqr,1048576,17280850
dashu-0.6,divrem,1048576,107520432
dashu-0.6,gcd,1048576,1124406190
dashu-0.6,to_dec,1048576,158839842
dashu-0.6,from_dec,1048576,78733221
malachite-0.12,mul,1048576,103469993
malachite-0.12,sqr,1048576,71364234
malachite-0.12,divrem,1048576,381711426
malachite-0.12,gcd,1048576,1762749355
malachite-0.12,to_dec,1048576,313187554
malachite-0.12,from_dec,1048576,179536379
num-bigint-0.5,mul,2097152,180658408
num-bigint-0.5,sqr,2097152,178647089
num-bigint-0.5,divrem,2097152,449443928
num-bigint-0.5,to_dec,2097152,485973554
num-bigint-0.5,from_dec,2097152,1826427058
num-bigint-0.4,mul,2097152,181483008
num-bigint-0.4,sqr,2097152,178504790
num-bigint-0.4,divrem,2097152,445794398
num-bigint-0.4,to_dec,2097152,483831694
num-bigint-0.4,from_dec,2097152,1823227918
dashu-0.6,mul,2097152,53243278
dashu-0.6,sqr,2097152,36741011
dashu-0.6,divrem,2097152,264259449
dashu-0.6,gcd,2097152,4475559451
dashu-0.6,to_dec,2097152,421849641
dashu-0.6,from_dec,2097152,180342319
malachite-0.12,mul,2097152,212972655
malachite-0.12,sqr,2097152,146850213
malachite-0.12,divrem,2097152,835907063
malachite-0.12,gcd,2097152,4831140530
malachite-0.12,to_dec,2097152,876218768
malachite-0.12,from_dec,2097152,447044178
num-bigint-0.5,mul,4194304,496691202
num-bigint-0.5,sqr,4194304,494605722
num-bigint-0.5,divrem,4194304,1255270875
num-bigint-0.5,to_dec,4194304,1404516537
num-bigint-0.5,from_dec,4194304,7313892882
num-bigint-0.4,mul,4194304,497292162
num-bigint-0.4,sqr,4194304,494386663
num-bigint-0.4,divrem,4194304,1256477134
num-bigint-0.4,to_dec,4194304,1402361648
num-bigint-0.4,from_dec,4194304,7356267367
dashu-0.6,mul,4194304,112158652
dashu-0.6,sqr,4194304,77752118
dashu-0.6,divrem,4194304,635240177
dashu-0.6,to_dec,4194304,1113527591
dashu-0.6,from_dec,4194304,424598290
malachite-0.12,mul,4194304,449803748
malachite-0.12,sqr,4194304,308605274
malachite-0.12,divrem,4194304,1794105172
malachite-0.12,to_dec,4194304,2286420245
malachite-0.12,from_dec,4194304,1075359326
